{"version":18,"screenWidth":1080,"screenHeight":2340,"scenario":{"scenario":{"id":54,"name":"Palmon Survival - Autojoin rally ","detectionQuality":1141},"events":[{"event":{"id":379,"scenarioId":54,"name":"Rally started","conditionOperator":2,"priority":2,"type":"IMAGE_EVENT","keepDetecting":false},"actions":[{"action":{"id":954,"eventId":379,"name":"Click","type":"CLICK","clickPositionType":"USER_SELECTED","x":1000,"y":1429,"pressDuration":70},"intentExtras":[],"eventsToggle":[]},{"action":{"id":955,"eventId":379,"priority":1,"name":"Wait","type":"PAUSE","pauseDuration":100},"intentExtras":[],"eventsToggle":[]}],"conditions":[{"id":902,"eventId":379,"name":"Condition","type":"ON_IMAGE_DETECTED","priority":0,"path":"Condition_-132793704.png","areaLeft":461,"areaTop":839,"areaRight":781,"areaBottom":879,"threshold":20,"detectionType":3,"shouldBeDetected":true,"detectionAreaLeft":327,"detectionAreaTop":733,"detectionAreaRight":825,"detectionAreaBottom":1034},{"id":935,"eventId":379,"name":"Condition","type":"ON_IMAGE_DETECTED","priority":1,"path":"Condition_-1168325056.png","areaLeft":372,"areaTop":840,"areaRight":698,"areaBottom":877,"threshold":20,"detectionType":3,"shouldBeDetected":true,"detectionAreaLeft":319,"detectionAreaTop":494,"detectionAreaRight":856,"detectionAreaBottom":1234}]},{"event":{"id":381,"scenarioId":54,"name":"Join rally","conditionOperator":1,"priority":4,"type":"IMAGE_EVENT","keepDetecting":false},"actions":[{"action":{"id":958,"eventId":381,"name":"Click","type":"CLICK","clickPositionType":"ON_DETECTED_CONDITION","clickOnConditionId":898,"pressDuration":70},"intentExtras":[],"eventsToggle":[]},{"action":{"id":959,"eventId":381,"priority":1,"name":"Wait","type":"PAUSE","pauseDuration":500},"intentExtras":[],"eventsToggle":[]}],"conditions":[{"id":898,"eventId":381,"name":"Condition","type":"ON_IMAGE_DETECTED","priority":0,"path":"Condition_-958182895.png","areaLeft":387,"areaTop":1820,"areaRight":712,"areaBottom":1896,"threshold":17,"detectionType":1,"shouldBeDetected":true},{"id":1135,"eventId":381,"name":"Condition","type":"ON_IMAGE_DETECTED","priority":1,"path":"Condition_853994603.png","areaLeft":74,"areaTop":952,"areaRight":1017,"areaBottom":1642,"threshold":20,"detectionType":1,"shouldBeDetected":false}]},{"event":{"id":382,"scenarioId":54,"name":"Close team assign","conditionOperator":1,"priority":5,"type":"IMAGE_EVENT","keepDetecting":false},"actions":[{"action":{"id":961,"eventId":382,"priority":1,"name":"Wait","type":"PAUSE","pauseDuration":500},"intentExtras":[],"eventsToggle":[]},{"action":{"id":1253,"eventId":382,"name":"System action","type":"SYSTEM","systemActionType":"BACK"},"intentExtras":[],"eventsToggle":[]}],"conditions":[{"id":899,"eventId":382,"name":"Condition","type":"ON_IMAGE_DETECTED","priority":0,"path":"Condition_1293267553.png","areaLeft":944,"areaTop":2213,"areaRight":1042,"areaBottom":2307,"threshold":20,"detectionType":1,"shouldBeDetected":true}]},{"event":{"id":383,"scenarioId":54,"name":"Add to rally","conditionOperator":1,"priority":3,"type":"IMAGE_EVENT","keepDetecting":false},"actions":[{"action":{"id":962,"eventId":383,"name":"Click","type":"CLICK","clickPositionType":"ON_DETECTED_CONDITION","clickOnConditionId":900,"pressDuration":70},"intentExtras":[],"eventsToggle":[]},{"action":{"id":963,"eventId":383,"priority":1,"name":"Wait","type":"PAUSE","pauseDuration":500},"intentExtras":[],"eventsToggle":[]}],"conditions":[{"id":900,"eventId":383,"name":"Condition","type":"ON_IMAGE_DETECTED","priority":0,"path":"Condition_-1320288201.png","areaLeft":641,"areaTop":965,"areaRight":840,"areaBottom":1053,"threshold":10,"detectionType":3,"shouldBeDetected":true,"detectionAreaLeft":22,"detectionAreaTop":385,"detectionAreaRight":1041,"detectionAreaBottom":2117}]},{"event":{"id":385,"scenarioId":54,"name":"Help","conditionOperator":1,"priority":0,"type":"IMAGE_EVENT","keepDetecting":false},"actions":[{"action":{"id":966,"eventId":385,"name":"Click","type":"CLICK","clickPositionType":"ON_DETECTED_CONDITION","clickOnConditionId":903,"pressDuration":70},"intentExtras":[],"eventsToggle":[]},{"action":{"id":967,"eventId":385,"priority":1,"name":"Wait","type":"PAUSE","pauseDuration":1000},"intentExtras":[],"eventsToggle":[]}],"conditions":[{"id":903,"eventId":385,"name":"Condition","type":"ON_IMAGE_DETECTED","priority":0,"path":"Condition_-1243042654.png","areaLeft":788,"areaTop":1723,"areaRight":902,"areaBottom":1801,"threshold":20,"detectionType":1,"shouldBeDetected":true}]},{"event":{"id":500,"scenarioId":54,"name":"Cancel long march","conditionOperator":1,"priority":6,"type":"IMAGE_EVENT","keepDetecting":false},"actions":[{"action":{"id":1244,"eventId":500,"name":"Click","type":"CLICK","clickPositionType":"ON_DETECTED_CONDITION","clickOnConditionId":1130,"pressDuration":70,"clickOffsetX":-214,"clickOffsetY":238},"intentExtras":[],"eventsToggle":[]},{"action":{"id":1245,"eventId":500,"priority":1,"name":"Wait","type":"PAUSE","pauseDuration":200},"intentExtras":[],"eventsToggle":[]}],"conditions":[{"id":1130,"eventId":500,"name":"Condition","type":"ON_IMAGE_DETECTED","priority":0,"path":"Condition_853994603.png","areaLeft":74,"areaTop":952,"areaRight":1017,"areaBottom":1642,"threshold":20,"detectionType":1,"shouldBeDetected":true},{"id":1136,"eventId":500,"name":"Condition","type":"ON_IMAGE_DETECTED","priority":1,"path":"Condition_-958182895.png","areaLeft":387,"areaTop":1820,"areaRight":712,"areaBottom":1896,"threshold":20,"detectionType":1,"shouldBeDetected":false}]},{"event":{"id":505,"scenarioId":54,"name":"Rally full","conditionOperator":1,"priority":1,"type":"IMAGE_EVENT","keepDetecting":false},"actions":[{"action":{"id":1254,"eventId":505,"name":"System action","type":"SYSTEM","systemActionType":"BACK"},"intentExtras":[],"eventsToggle":[]},{"action":{"id":1255,"eventId":505,"priority":1,"name":"Wait","type":"PAUSE","pauseDuration":200},"intentExtras":[],"eventsToggle":[]}],"conditions":[{"id":1142,"eventId":505,"name":"Condition","type":"ON_IMAGE_DETECTED","priority":0,"path":"Condition_566795430.png","areaLeft":523,"areaTop":1203,"areaRight":688,"areaBottom":1229,"threshold":20,"detectionType":1,"shouldBeDetected":true}]}]}}