{"version":2,"screenWidth":1080,"screenHeight":2340,"dumbScenario":{"scenario":{"id":12,"name":"Palmon Survival - Breeding","repeatCount":1,"isRepeatInfinite":false,"maxDurationMin":1,"isDurationInfinite":true,"randomize":false},"dumbActions":[{"id":50,"dumbScenarioId":12,"name":"Breed again","type":"CLICK","repeatCount":1,"isRepeatInfinite":false,"repeatDelay":500,"pressDuration":75,"x":504,"y":957},{"id":51,"dumbScenarioId":12,"priority":1,"name":"Click","type":"CLICK","repeatCount":1,"isRepeatInfinite":false,"repeatDelay":500,"pressDuration":75,"x":509,"y":553},{"id":52,"dumbScenarioId":12,"priority":2,"name":"Click","type":"CLICK","repeatCount":1,"isRepeatInfinite":false,"repeatDelay":500,"pressDuration":75,"x":813,"y":1524},{"id":96,"dumbScenarioId":12,"priority":3,"name":"Click","type":"CLICK","repeatCount":1,"isRepeatInfinite":false,"repeatDelay":500,"pressDuration":75,"x":565,"y":1561},{"id":104,"dumbScenarioId":12,"priority":4,"name":"Click","type":"CLICK","repeatCount":1,"isRepeatInfinite":false,"repeatDelay":350,"pressDuration":75,"x":850,"y":935},{"id":107,"dumbScenarioId":12,"priority":5,"name":"Click","type":"CLICK","repeatCount":1,"isRepeatInfinite":false,"repeatDelay":350,"pressDuration":75,"x":246,"y":1389},{"id":108,"dumbScenarioId":12,"priority":6,"name":"Click","type":"CLICK","repeatCount":1,"isRepeatInfinite":false,"repeatDelay":350,"pressDuration":75,"x":780,"y":1508},{"id":109,"dumbScenarioId":12,"priority":7,"name":"Click","type":"CLICK","repeatCount":1,"isRepeatInfinite":false,"repeatDelay":350,"pressDuration":75,"x":554,"y":1527}],"stats":{"id":9,"scenarioId":12,"lastStartTimestampMs":1760394141259,"startCount":1}}}