{"version":18,"screenWidth":1080,"screenHeight":2340,"scenario":{"scenario":{"id":62,"name":"Palmon Survival - Snokami Farm","detectionQuality":1141},"events":[{"event":{"id":458,"scenarioId":62,"name":"Open Rally targets","conditionOperator":1,"priority":0,"type":"IMAGE_EVENT","keepDetecting":false},"actions":[{"action":{"id":1130,"eventId":458,"name":"Click","type":"CLICK","clickPositionType":"ON_DETECTED_CONDITION","clickOnConditionId":1057,"pressDuration":70},"intentExtras":[],"eventsToggle":[]},{"action":{"id":1131,"eventId":458,"priority":1,"name":"Wait","type":"PAUSE","pauseDuration":250},"intentExtras":[],"eventsToggle":[]}],"conditions":[{"id":1057,"eventId":458,"name":"Condition","type":"ON_IMAGE_DETECTED","priority":0,"path":"Condition_-1302503436.png","areaLeft":26,"areaTop":1901,"areaRight":137,"areaBottom":2005,"threshold":20,"detectionType":1,"shouldBeDetected":true},{"id":1137,"eventId":458,"name":"Condition","type":"ON_IMAGE_DETECTED","priority":1,"path":"Condition_380668442.png","areaLeft":305,"areaTop":573,"areaRight":356,"areaBottom":604,"threshold":20,"detectionType":1,"shouldBeDetected":false}]},{"event":{"id":459,"scenarioId":62,"name":"Search Snokami","conditionOperator":1,"priority":1,"type":"IMAGE_EVENT","keepDetecting":false},"actions":[{"action":{"id":1132,"eventId":459,"name":"Click","type":"CLICK","clickPositionType":"USER_SELECTED","x":377,"y":1692,"pressDuration":70},"intentExtras":[],"eventsToggle":[]},{"action":{"id":1133,"eventId":459,"priority":1,"name":"Wait","type":"PAUSE","pauseDuration":250},"intentExtras":[],"eventsToggle":[]},{"action":{"id":1134,"eventId":459,"priority":2,"name":"Click","type":"CLICK","clickPositionType":"USER_SELECTED","x":565,"y":2226,"pressDuration":70},"intentExtras":[],"eventsToggle":[]},{"action":{"id":1135,"eventId":459,"priority":3,"name":"Wait","type":"PAUSE","pauseDuration":500},"intentExtras":[],"eventsToggle":[]},{"action":{"id":1146,"eventId":459,"priority":4,"name":"Toggle event","type":"TOGGLE_EVENT","toggleAll":false},"intentExtras":[],"eventsToggle":[{"id":216,"actionId":1146,"type":"DISABLE","toggleEventId":458}]}],"conditions":[{"id":1058,"eventId":459,"name":"Condition","type":"ON_IMAGE_DETECTED","priority":0,"path":"Condition_443673802.png","areaLeft":49,"areaTop":1718,"areaRight":1033,"areaBottom":2310,"threshold":16,"detectionType":1,"shouldBeDetected":true}]},{"event":{"id":460,"scenarioId":62,"name":"Rally","conditionOperator":2,"priority":2,"type":"IMAGE_EVENT","keepDetecting":false},"actions":[{"action":{"id":1136,"eventId":460,"name":"Click","type":"CLICK","clickPositionType":"ON_DETECTED_CONDITION","clickOnConditionId":1059,"pressDuration":70},"intentExtras":[],"eventsToggle":[]},{"action":{"id":1137,"eventId":460,"priority":1,"name":"Wait","type":"PAUSE","pauseDuration":500},"intentExtras":[],"eventsToggle":[]},{"action":{"id":1147,"eventId":460,"priority":2,"name":"Toggle event","type":"TOGGLE_EVENT","toggleAll":false},"intentExtras":[],"eventsToggle":[{"id":217,"actionId":1147,"type":"ENABLE","toggleEventId":458}]}],"conditions":[{"id":1059,"eventId":460,"name":"Condition","type":"ON_IMAGE_DETECTED","priority":0,"path":"Condition_-1462027493.png","areaLeft":308,"areaTop":865,"areaRight":793,"areaBottom":1036,"threshold":10,"detectionType":2,"shouldBeDetected":true,"detectionAreaLeft":308,"detectionAreaTop":865,"detectionAreaRight":793,"detectionAreaBottom":1036},{"id":1062,"eventId":460,"name":"Condition","type":"ON_IMAGE_DETECTED","priority":1,"path":"Condition_2051195945.png","areaLeft":333,"areaTop":1793,"areaRight":753,"areaBottom":1892,"threshold":15,"detectionType":1,"shouldBeDetected":true}]},{"event":{"id":461,"scenarioId":62,"name":"Renew AP","conditionOperator":1,"priority":3,"type":"IMAGE_EVENT","keepDetecting":false},"actions":[{"action":{"id":1138,"eventId":461,"name":"Click","type":"CLICK","clickPositionType":"ON_DETECTED_CONDITION","clickOnConditionId":1060,"pressDuration":70},"intentExtras":[],"eventsToggle":[]},{"action":{"id":1139,"eventId":461,"priority":1,"name":"Wait","type":"PAUSE","pauseDuration":250},"intentExtras":[],"eventsToggle":[]}],"conditions":[{"id":1060,"eventId":461,"name":"Condition","type":"ON_IMAGE_DETECTED","priority":0,"path":"Condition_-1129799809.png","areaLeft":304,"areaTop":1819,"areaRight":777,"areaBottom":1935,"threshold":10,"detectionType":1,"shouldBeDetected":true}]},{"event":{"id":462,"scenarioId":62,"name":"AP Potion","conditionOperator":1,"priority":4,"type":"IMAGE_EVENT","keepDetecting":false},"actions":[{"action":{"id":1140,"eventId":462,"name":"Click","type":"CLICK","clickPositionType":"ON_DETECTED_CONDITION","clickOnConditionId":1061,"pressDuration":70,"clickOffsetX":351,"clickOffsetY":127},"intentExtras":[],"eventsToggle":[]},{"action":{"id":1141,"eventId":462,"priority":1,"name":"Wait","type":"PAUSE","pauseDuration":100},"intentExtras":[],"eventsToggle":[]},{"action":{"id":1142,"eventId":462,"priority":2,"name":"Click","type":"CLICK","clickPositionType":"ON_DETECTED_CONDITION","clickOnConditionId":1061,"pressDuration":70,"clickOffsetX":322,"clickOffsetY":102},"intentExtras":[],"eventsToggle":[]},{"action":{"id":1143,"eventId":462,"priority":3,"name":"Wait","type":"PAUSE","pauseDuration":100},"intentExtras":[],"eventsToggle":[]},{"action":{"id":1144,"eventId":462,"priority":4,"name":"Click","type":"CLICK","clickPositionType":"USER_SELECTED","x":966,"y":582,"pressDuration":70},"intentExtras":[],"eventsToggle":[]},{"action":{"id":1145,"eventId":462,"priority":5,"name":"Wait","type":"PAUSE","pauseDuration":250},"intentExtras":[],"eventsToggle":[]}],"conditions":[{"id":1061,"eventId":462,"name":"Condition","type":"ON_IMAGE_DETECTED","priority":0,"path":"Condition_-1931928710.png","areaLeft":54,"areaTop":1101,"areaRight":1021,"areaBottom":1508,"threshold":15,"detectionType":1,"shouldBeDetected":true}]}]}}