{"version":18,"screenWidth":1080,"screenHeight":2340,"scenario":{"scenario":{"id":64,"name":"Palmon Survival - Claim event/guild rewards","detectionQuality":1141},"events":[{"event":{"id":471,"scenarioId":64,"name":"Claim","conditionOperator":1,"priority":0,"type":"IMAGE_EVENT","keepDetecting":false},"actions":[{"action":{"id":1176,"eventId":471,"name":"Click","type":"CLICK","clickPositionType":"ON_DETECTED_CONDITION","clickOnConditionId":1085,"pressDuration":70},"intentExtras":[],"eventsToggle":[]},{"action":{"id":1177,"eventId":471,"priority":1,"name":"Wait","type":"PAUSE","pauseDuration":300},"intentExtras":[],"eventsToggle":[]}],"conditions":[{"id":1085,"eventId":471,"name":"Condition","type":"ON_IMAGE_DETECTED","priority":0,"path":"Condition_-1470772588.png","areaLeft":789,"areaTop":1001,"areaRight":980,"areaBottom":1071,"threshold":20,"detectionType":3,"shouldBeDetected":true,"detectionAreaLeft":664,"detectionAreaTop":837,"detectionAreaRight":1053,"detectionAreaBottom":1391},{"id":1086,"eventId":471,"name":"Condition","type":"ON_IMAGE_DETECTED","priority":1,"path":"Condition_-1092650288.png","areaLeft":19,"areaTop":89,"areaRight":373,"areaBottom":201,"threshold":20,"detectionType":1,"shouldBeDetected":true}]},{"event":{"id":473,"scenarioId":64,"name":"Claim wyrmslster","conditionOperator":1,"priority":1,"type":"IMAGE_EVENT","keepDetecting":false},"actions":[{"action":{"id":1180,"eventId":473,"name":"Click","type":"CLICK","clickPositionType":"ON_DETECTED_CONDITION","clickOnConditionId":1089,"pressDuration":70},"intentExtras":[],"eventsToggle":[]},{"action":{"id":1181,"eventId":473,"priority":1,"name":"Wait","type":"PAUSE","pauseDuration":300},"intentExtras":[],"eventsToggle":[]}],"conditions":[{"id":1088,"eventId":473,"name":"Condition","type":"ON_IMAGE_DETECTED","priority":0,"path":"Condition_974825224.png","areaLeft":607,"areaTop":494,"areaRight":984,"areaBottom":556,"threshold":20,"detectionType":1,"shouldBeDetected":true},{"id":1089,"eventId":473,"name":"Condition","type":"ON_IMAGE_DETECTED","priority":1,"path":"Condition_-709279910.png","areaLeft":781,"areaTop":1381,"areaRight":956,"areaBottom":1444,"threshold":20,"detectionType":3,"shouldBeDetected":true,"detectionAreaLeft":710,"detectionAreaTop":624,"detectionAreaRight":1039,"detectionAreaBottom":790}]},{"event":{"id":474,"scenarioId":64,"name":"Tap to close","conditionOperator":1,"priority":2,"type":"IMAGE_EVENT","keepDetecting":false},"actions":[{"action":{"id":1182,"eventId":474,"name":"Click","type":"CLICK","clickPositionType":"USER_SELECTED","x":545,"y":2138,"pressDuration":70},"intentExtras":[],"eventsToggle":[]},{"action":{"id":1183,"eventId":474,"priority":1,"name":"Wait","type":"PAUSE","pauseDuration":100},"intentExtras":[],"eventsToggle":[]}],"conditions":[{"id":1090,"eventId":474,"name":"Condition","type":"ON_IMAGE_DETECTED","priority":0,"path":"Condition_963522510.png","areaLeft":439,"areaTop":2086,"areaRight":638,"areaBottom":2143,"threshold":20,"detectionType":1,"shouldBeDetected":true}]},{"event":{"id":476,"scenarioId":64,"name":"Claim","conditionOperator":1,"priority":3,"type":"IMAGE_EVENT","keepDetecting":false},"actions":[{"action":{"id":1185,"eventId":476,"priority":1,"name":"Click","type":"CLICK","clickPositionType":"ON_DETECTED_CONDITION","clickOnConditionId":1093,"pressDuration":70},"intentExtras":[],"eventsToggle":[]},{"action":{"id":1186,"eventId":476,"priority":2,"name":"Wait","type":"PAUSE","pauseDuration":300},"intentExtras":[],"eventsToggle":[]},{"action":{"id":1187,"eventId":476,"name":"Swipe","type":"SWIPE","fromX":121,"fromY":864,"toX":116,"toY":617,"swipeDuration":500},"intentExtras":[],"eventsToggle":[]}],"conditions":[{"id":1093,"eventId":476,"name":"Condition","type":"ON_IMAGE_DETECTED","priority":0,"path":"Condition_-1470772588.png","areaLeft":789,"areaTop":1001,"areaRight":980,"areaBottom":1071,"threshold":20,"detectionType":3,"shouldBeDetected":true,"detectionAreaLeft":664,"detectionAreaTop":837,"detectionAreaRight":1053,"detectionAreaBottom":2035},{"id":1094,"eventId":476,"name":"Condition","type":"ON_IMAGE_DETECTED","priority":1,"path":"Condition_835516125.png","areaLeft":31,"areaTop":357,"areaRight":488,"areaBottom":484,"threshold":20,"detectionType":1,"shouldBeDetected":true}]}]}}