{"version":18,"screenWidth":1080,"screenHeight":2340,"scenario":{"scenario":{"id":71,"name":"Palmon Survival - Send protectors","detectionQuality":1141},"events":[{"event":{"id":548,"scenarioId":71,"name":"Protect","conditionOperator":2,"priority":0,"type":"IMAGE_EVENT","keepDetecting":false},"actions":[{"action":{"id":1365,"eventId":548,"name":"Click","type":"CLICK","clickPositionType":"ON_DETECTED_CONDITION","clickOnConditionId":1210,"pressDuration":70},"intentExtras":[],"eventsToggle":[]},{"action":{"id":1366,"eventId":548,"priority":1,"name":"Wait","type":"PAUSE","pauseDuration":200},"intentExtras":[],"eventsToggle":[]}],"conditions":[{"id":1210,"eventId":548,"name":"Condition","type":"ON_IMAGE_DETECTED","priority":0,"path":"Condition_-1331342607.png","areaLeft":280,"areaTop":1139,"areaRight":496,"areaBottom":1260,"threshold":20,"detectionType":2,"shouldBeDetected":true,"detectionAreaLeft":280,"detectionAreaTop":1139,"detectionAreaRight":496,"detectionAreaBottom":1260},{"id":1214,"eventId":548,"name":"Condition","type":"ON_IMAGE_DETECTED","priority":1,"path":"Condition_1295251303.png","areaLeft":358,"areaTop":1750,"areaRight":740,"areaBottom":1963,"threshold":20,"detectionType":2,"shouldBeDetected":true}]},{"event":{"id":550,"scenarioId":71,"name":"Dispatch","conditionOperator":1,"priority":1,"type":"IMAGE_EVENT","keepDetecting":false},"actions":[{"action":{"id":1368,"eventId":550,"name":"Click","type":"CLICK","clickPositionType":"ON_DETECTED_CONDITION","clickOnConditionId":1213,"pressDuration":70},"intentExtras":[],"eventsToggle":[]},{"action":{"id":1370,"eventId":550,"priority":1,"name":"Wait","type":"PAUSE","pauseDuration":200},"intentExtras":[],"eventsToggle":[]}],"conditions":[{"id":1213,"eventId":550,"name":"Condition","type":"ON_IMAGE_DETECTED","priority":0,"path":"Condition_-268133207.png","areaLeft":390,"areaTop":1807,"areaRight":659,"areaBottom":1887,"threshold":20,"detectionType":2,"shouldBeDetected":true}]}]}}