{"version":18,"screenWidth":1080,"screenHeight":2340,"scenario":{"scenario":{"id":60,"name":"Palmon Survival - MapScanner Phone","detectionQuality":1001},"events":[{"event":{"id":430,"scenarioId":60,"name":"Mantleray","conditionOperator":2,"priority":0,"enabledOnStart":false,"type":"IMAGE_EVENT","keepDetecting":false},"actions":[{"action":{"id":1068,"eventId":430,"name":"Notification","type":"NOTIFICATION","notificationMessageType":"TEXT","notificationMessageText":"Mantleray","notificationMessageCounterName":"","notificationImportance":3},"intentExtras":[],"eventsToggle":[]},{"action":{"id":1069,"eventId":430,"priority":1,"name":"Toggle event","type":"TOGGLE_EVENT","toggleAll":true,"toggleAllType":"DISABLE"},"intentExtras":[],"eventsToggle":[]}],"conditions":[{"id":1011,"eventId":430,"name":"Mantleray","type":"ON_IMAGE_DETECTED","priority":0,"path":"Condition_-1790426423.png","areaLeft":572,"areaTop":1134,"areaRight":646,"areaBottom":1214,"threshold":20,"detectionType":2,"shouldBeDetected":true,"detectionAreaLeft":572,"detectionAreaTop":1134,"detectionAreaRight":646,"detectionAreaBottom":1214}]},{"event":{"id":431,"scenarioId":60,"name":"Cataclyzard","conditionOperator":1,"priority":1,"enabledOnStart":false,"type":"IMAGE_EVENT","keepDetecting":false},"actions":[{"action":{"id":1070,"eventId":431,"name":"Notification","type":"NOTIFICATION","notificationMessageType":"TEXT","notificationMessageText":"Found","notificationMessageCounterName":"","notificationImportance":3},"intentExtras":[],"eventsToggle":[]},{"action":{"id":1071,"eventId":431,"priority":1,"name":"Toggle event","type":"TOGGLE_EVENT","toggleAll":true,"toggleAllType":"DISABLE"},"intentExtras":[],"eventsToggle":[]}],"conditions":[{"id":1012,"eventId":431,"name":"Lizard","type":"ON_IMAGE_DETECTED","priority":0,"path":"Condition_854984688.png","areaLeft":337,"areaTop":1180,"areaRight":412,"areaBottom":1261,"threshold":20,"detectionType":2,"shouldBeDetected":true}]},{"event":{"id":432,"scenarioId":60,"name":"Magmolin","conditionOperator":1,"priority":2,"enabledOnStart":false,"type":"IMAGE_EVENT","keepDetecting":false},"actions":[{"action":{"id":1072,"eventId":432,"name":"Notification","type":"NOTIFICATION","notificationMessageType":"TEXT","notificationMessageText":"Magmolin","notificationMessageCounterName":"","notificationImportance":3},"intentExtras":[],"eventsToggle":[]},{"action":{"id":1073,"eventId":432,"priority":1,"name":"Toggle event","type":"TOGGLE_EVENT","toggleAll":true,"toggleAllType":"DISABLE"},"intentExtras":[],"eventsToggle":[]}],"conditions":[{"id":1013,"eventId":432,"name":"Condition","type":"ON_IMAGE_DETECTED","priority":0,"path":"Condition_-2033329924.png","areaLeft":483,"areaTop":1303,"areaRight":559,"areaBottom":1381,"threshold":20,"detectionType":2,"shouldBeDetected":true},{"id":1014,"eventId":432,"name":"Condition","type":"ON_IMAGE_DETECTED","priority":1,"path":"Condition_-231492415.png","areaLeft":469,"areaTop":1057,"areaRight":515,"areaBottom":1113,"threshold":20,"detectionType":3,"shouldBeDetected":true,"detectionAreaLeft":53,"detectionAreaTop":616,"detectionAreaRight":1072,"detectionAreaBottom":1705}]},{"event":{"id":433,"scenarioId":60,"name":"Treasureship","conditionOperator":2,"priority":3,"type":"IMAGE_EVENT","keepDetecting":false},"actions":[{"action":{"id":1074,"eventId":433,"name":"Notification","type":"NOTIFICATION","notificationMessageType":"TEXT","notificationMessageText":"Ship","notificationMessageCounterName":"","notificationImportance":3},"intentExtras":[],"eventsToggle":[]},{"action":{"id":1075,"eventId":433,"priority":1,"name":"Toggle event","type":"TOGGLE_EVENT","toggleAll":true,"toggleAllType":"DISABLE"},"intentExtras":[],"eventsToggle":[]}],"conditions":[{"id":1083,"eventId":433,"name":"Condition","type":"ON_IMAGE_DETECTED","priority":0,"path":"Condition_835400219.png","areaLeft":529,"areaTop":1063,"areaRight":588,"areaBottom":1119,"threshold":20,"detectionType":2,"shouldBeDetected":true},{"id":1084,"eventId":433,"name":"Condition","type":"ON_IMAGE_DETECTED","priority":1,"path":"Condition_-1250740025.png","areaLeft":683,"areaTop":1936,"areaRight":727,"areaBottom":1992,"threshold":20,"detectionType":2,"shouldBeDetected":true}]},{"event":{"id":434,"scenarioId":60,"name":"Baboom","conditionOperator":2,"priority":4,"enabledOnStart":false,"type":"IMAGE_EVENT","keepDetecting":false},"actions":[{"action":{"id":1076,"eventId":434,"name":"Ape notification","type":"NOTIFICATION","notificationMessageType":"TEXT","notificationMessageText":"Baboom","notificationMessageCounterName":"","notificationImportance":3},"intentExtras":[],"eventsToggle":[]},{"action":{"id":1077,"eventId":434,"priority":1,"name":"Toggle event","type":"TOGGLE_EVENT","toggleAll":true,"toggleAllType":"DISABLE"},"intentExtras":[],"eventsToggle":[]}],"conditions":[{"id":1017,"eventId":434,"name":"Condition","type":"ON_IMAGE_DETECTED","priority":0,"path":"Condition_-1202327429.png","areaLeft":485,"areaTop":1306,"areaRight":560,"areaBottom":1390,"threshold":20,"detectionType":2,"shouldBeDetected":true}]},{"event":{"id":438,"scenarioId":60,"name":"Incident reward","conditionOperator":1,"priority":5,"enabledOnStart":false,"type":"IMAGE_EVENT","keepDetecting":false},"actions":[{"action":{"id":1088,"eventId":438,"name":"Click","type":"CLICK","clickPositionType":"ON_DETECTED_CONDITION","clickOnConditionId":1021,"pressDuration":70},"intentExtras":[],"eventsToggle":[]},{"action":{"id":1089,"eventId":438,"priority":1,"name":"Notification","type":"NOTIFICATION","notificationMessageType":"TEXT","notificationMessageText":"Present","notificationMessageCounterName":"","notificationImportance":4},"intentExtras":[],"eventsToggle":[]}],"conditions":[{"id":1021,"eventId":438,"name":"Condition","type":"ON_IMAGE_DETECTED","priority":0,"path":"Condition_211143574.png","areaLeft":548,"areaTop":1032,"areaRight":640,"areaBottom":1136,"threshold":20,"detectionType":2,"shouldBeDetected":true}]},{"event":{"id":439,"scenarioId":60,"name":"Finguen","conditionOperator":1,"priority":6,"enabledOnStart":false,"type":"IMAGE_EVENT","keepDetecting":false},"actions":[{"action":{"id":1090,"eventId":439,"name":"Notification","type":"NOTIFICATION","notificationMessageType":"TEXT","notificationMessageText":"Fingu","notificationMessageCounterName":"","notificationImportance":3},"intentExtras":[],"eventsToggle":[]},{"action":{"id":1091,"eventId":439,"priority":1,"name":"Toggle event","type":"TOGGLE_EVENT","toggleAll":true,"toggleAllType":"DISABLE"},"intentExtras":[],"eventsToggle":[]}],"conditions":[{"id":1022,"eventId":439,"name":"Condition","type":"ON_IMAGE_DETECTED","priority":0,"path":"Condition_-423835714.png","areaLeft":400,"areaTop":895,"areaRight":478,"areaBottom":975,"threshold":10,"detectionType":2,"shouldBeDetected":true},{"id":1023,"eventId":439,"name":"Condition","type":"ON_IMAGE_DETECTED","priority":1,"path":"Condition_1039440753.png","areaLeft":493,"areaTop":1256,"areaRight":541,"areaBottom":1314,"threshold":20,"detectionType":3,"shouldBeDetected":true,"detectionAreaLeft":49,"detectionAreaTop":615,"detectionAreaRight":1071,"detectionAreaBottom":1698}]},{"event":{"id":440,"scenarioId":60,"name":"Dolphriend","conditionOperator":1,"priority":7,"enabledOnStart":false,"type":"IMAGE_EVENT","keepDetecting":false},"actions":[{"action":{"id":1092,"eventId":440,"name":"Notification","type":"NOTIFICATION","notificationMessageType":"TEXT","notificationMessageText":"Dolphriend","notificationMessageCounterName":"","notificationImportance":3},"intentExtras":[],"eventsToggle":[]},{"action":{"id":1093,"eventId":440,"priority":1,"name":"Toggle event","type":"TOGGLE_EVENT","toggleAll":true,"toggleAllType":"DISABLE"},"intentExtras":[],"eventsToggle":[]}],"conditions":[{"id":1024,"eventId":440,"name":"Condition","type":"ON_IMAGE_DETECTED","priority":0,"path":"Condition_-479631125.png","areaLeft":454,"areaTop":1018,"areaRight":549,"areaBottom":1107,"threshold":20,"detectionType":2,"shouldBeDetected":true}]},{"event":{"id":441,"scenarioId":60,"name":"Surveilynx","conditionOperator":1,"priority":8,"enabledOnStart":false,"type":"IMAGE_EVENT","keepDetecting":false},"actions":[{"action":{"id":1094,"eventId":441,"name":"Notification","type":"NOTIFICATION","notificationMessageType":"TEXT","notificationMessageText":"Surveilynx","notificationMessageCounterName":"","notificationImportance":3},"intentExtras":[],"eventsToggle":[]},{"action":{"id":1095,"eventId":441,"priority":1,"name":"Toggle event","type":"TOGGLE_EVENT","toggleAll":true,"toggleAllType":"DISABLE"},"intentExtras":[],"eventsToggle":[]}],"conditions":[{"id":1025,"eventId":441,"name":"Condition","type":"ON_IMAGE_DETECTED","priority":0,"path":"Condition_725708789.png","areaLeft":383,"areaTop":1277,"areaRight":460,"areaBottom":1352,"threshold":10,"detectionType":2,"shouldBeDetected":true},{"id":1026,"eventId":441,"name":"Condition","type":"ON_IMAGE_DETECTED","priority":1,"path":"Condition_416497984.png","areaLeft":530,"areaTop":1403,"areaRight":577,"areaBottom":1459,"threshold":20,"detectionType":3,"shouldBeDetected":true,"detectionAreaLeft":41,"detectionAreaTop":642,"detectionAreaRight":1049,"detectionAreaBottom":1681}]},{"event":{"id":442,"scenarioId":60,"name":"Limudroid","conditionOperator":1,"priority":9,"enabledOnStart":false,"type":"IMAGE_EVENT","keepDetecting":false},"actions":[{"action":{"id":1096,"eventId":442,"name":"Notification","type":"NOTIFICATION","notificationMessageType":"TEXT","notificationMessageText":"Limudroid","notificationMessageCounterName":"","notificationImportance":3},"intentExtras":[],"eventsToggle":[]},{"action":{"id":1097,"eventId":442,"priority":1,"name":"Toggle event","type":"TOGGLE_EVENT","toggleAll":true,"toggleAllType":"DISABLE"},"intentExtras":[],"eventsToggle":[]}],"conditions":[{"id":1027,"eventId":442,"name":"Condition","type":"ON_IMAGE_DETECTED","priority":0,"path":"Condition_1396685812.png","areaLeft":470,"areaTop":1332,"areaRight":550,"areaBottom":1413,"threshold":10,"detectionType":2,"shouldBeDetected":true},{"id":1028,"eventId":442,"name":"Condition","type":"ON_IMAGE_DETECTED","priority":1,"path":"Condition_1946594138.png","areaLeft":402,"areaTop":1362,"areaRight":452,"areaBottom":1420,"threshold":20,"detectionType":3,"shouldBeDetected":true,"detectionAreaLeft":20,"detectionAreaTop":619,"detectionAreaRight":1063,"detectionAreaBottom":1704}]},{"event":{"id":443,"scenarioId":60,"name":"Hoofrit","conditionOperator":1,"priority":10,"enabledOnStart":false,"type":"IMAGE_EVENT","keepDetecting":false},"actions":[{"action":{"id":1098,"eventId":443,"name":"Notification","type":"NOTIFICATION","notificationMessageType":"TEXT","notificationMessageText":"Hoofrit","notificationMessageCounterName":"","notificationImportance":3},"intentExtras":[],"eventsToggle":[]},{"action":{"id":1099,"eventId":443,"priority":1,"name":"Toggle event","type":"TOGGLE_EVENT","toggleAll":true,"toggleAllType":"DISABLE"},"intentExtras":[],"eventsToggle":[]}],"conditions":[{"id":1029,"eventId":443,"name":"Condition","type":"ON_IMAGE_DETECTED","priority":0,"path":"Condition_-73686879.png","areaLeft":458,"areaTop":1220,"areaRight":549,"areaBottom":1318,"threshold":20,"detectionType":2,"shouldBeDetected":true}]},{"event":{"id":449,"scenarioId":60,"name":"Turn Down","conditionOperator":1,"priority":11,"enabledOnStart":false,"type":"IMAGE_EVENT","keepDetecting":false},"actions":[{"action":{"id":1105,"eventId":449,"name":"Swipe","type":"SWIPE","fromX":972,"fromY":1333,"toX":101,"toY":1338,"swipeDuration":500},"intentExtras":[],"eventsToggle":[]},{"action":{"id":1106,"eventId":449,"priority":1,"name":"Toggle event","type":"TOGGLE_EVENT","toggleAll":false},"intentExtras":[],"eventsToggle":[{"id":190,"actionId":1106,"type":"DISABLE","toggleEventId":449},{"id":195,"actionId":1106,"type":"ENABLE","toggleEventId":450},{"id":204,"actionId":1106,"type":"DISABLE","toggleEventId":451},{"id":205,"actionId":1106,"type":"ENABLE","toggleEventId":452}]}],"conditions":[{"id":1035,"eventId":449,"name":"Condition","type":"ON_IMAGE_DETECTED","priority":0,"path":"Condition_347564381.png","areaLeft":515,"areaTop":1079,"areaRight":837,"areaBottom":1418,"threshold":10,"detectionType":2,"shouldBeDetected":true,"detectionAreaLeft":89,"detectionAreaTop":996,"detectionAreaRight":1018,"detectionAreaBottom":1688}]},{"event":{"id":450,"scenarioId":60,"name":"Turn up","conditionOperator":2,"priority":12,"enabledOnStart":false,"type":"IMAGE_EVENT","keepDetecting":false},"actions":[{"action":{"id":1107,"eventId":450,"name":"Swipe","type":"SWIPE","fromX":972,"fromY":1333,"toX":101,"toY":1338,"swipeDuration":500},"intentExtras":[],"eventsToggle":[]},{"action":{"id":1108,"eventId":450,"priority":1,"name":"Toggle event","type":"TOGGLE_EVENT","toggleAll":false},"intentExtras":[],"eventsToggle":[{"id":196,"actionId":1108,"type":"DISABLE","toggleEventId":450},{"id":197,"actionId":1108,"type":"ENABLE","toggleEventId":449},{"id":206,"actionId":1108,"type":"ENABLE","toggleEventId":451},{"id":207,"actionId":1108,"type":"DISABLE","toggleEventId":452}]}],"conditions":[{"id":1036,"eventId":450,"name":"Condition","type":"ON_IMAGE_DETECTED","priority":0,"path":"Condition_-1459623569.png","areaLeft":78,"areaTop":977,"areaRight":686,"areaBottom":1237,"threshold":10,"detectionType":3,"shouldBeDetected":true,"detectionAreaLeft":13,"detectionAreaTop":904,"detectionAreaRight":1030,"detectionAreaBottom":1429},{"id":1037,"eventId":450,"name":"Condition","type":"ON_IMAGE_DETECTED","priority":1,"path":"Condition_1335914822.png","areaLeft":117,"areaTop":1046,"areaRight":426,"areaBottom":1281,"threshold":10,"detectionType":3,"shouldBeDetected":true,"detectionAreaLeft":43,"detectionAreaTop":975,"detectionAreaRight":1039,"detectionAreaBottom":1431},{"id":1038,"eventId":450,"name":"Condition","type":"ON_IMAGE_DETECTED","priority":2,"path":"Condition_494030375.png","areaLeft":112,"areaTop":1041,"areaRight":657,"areaBottom":1440,"threshold":10,"detectionType":3,"shouldBeDetected":true,"detectionAreaLeft":93,"detectionAreaTop":846,"detectionAreaRight":1072,"detectionAreaBottom":1598},{"id":1042,"eventId":450,"name":"Condition","type":"ON_IMAGE_DETECTED","priority":3,"path":"Condition_443228611.png","areaLeft":458,"areaTop":586,"areaRight":964,"areaBottom":1975,"threshold":10,"detectionType":2,"shouldBeDetected":true},{"id":1043,"eventId":450,"name":"Condition","type":"ON_IMAGE_DETECTED","priority":4,"path":"Condition_-2096765475.png","areaLeft":116,"areaTop":695,"areaRight":964,"areaBottom":1503,"threshold":10,"detectionType":2,"shouldBeDetected":true},{"id":1044,"eventId":450,"name":"Condition","type":"ON_IMAGE_DETECTED","priority":5,"path":"Condition_2013374949.png","areaLeft":29,"areaTop":1004,"areaRight":1049,"areaBottom":1316,"threshold":10,"detectionType":3,"shouldBeDetected":true,"detectionAreaLeft":29,"detectionAreaTop":905,"detectionAreaRight":1049,"detectionAreaBottom":1378},{"id":1045,"eventId":450,"name":"Condition","type":"ON_IMAGE_DETECTED","priority":6,"path":"Condition_-429372611.png","areaLeft":45,"areaTop":933,"areaRight":1041,"areaBottom":1536,"threshold":10,"detectionType":3,"shouldBeDetected":true,"detectionAreaLeft":45,"detectionAreaTop":782,"detectionAreaRight":1041,"detectionAreaBottom":1663}]},{"event":{"id":451,"scenarioId":60,"name":"Scroll down new","conditionOperator":1,"priority":-1,"enabledOnStart":false,"type":"TRIGGER_EVENT"},"actions":[{"action":{"id":1109,"eventId":451,"name":"Swipe","type":"SWIPE","fromX":545,"fromY":1814,"toX":553,"toY":868,"swipeDuration":250},"intentExtras":[],"eventsToggle":[]},{"action":{"id":1113,"eventId":451,"priority":2,"name":"Change counter","type":"CHANGE_COUNTER","counterName":"Step","counterOperation":"ADD","counterOperationValueType":"NUMBER","counterOperationValue":1},"intentExtras":[],"eventsToggle":[]},{"action":{"id":1151,"eventId":451,"priority":1,"name":"Wait","type":"PAUSE","pauseDuration":200},"intentExtras":[],"eventsToggle":[]}],"conditions":[{"id":1039,"eventId":451,"name":"Condition","type":"ON_TIMER_REACHED","priority":0,"timerValueMs":1000,"restartWhenReached":true}]},{"event":{"id":452,"scenarioId":60,"name":"Scroll up new","conditionOperator":1,"priority":-1,"enabledOnStart":false,"type":"TRIGGER_EVENT"},"actions":[{"action":{"id":1110,"eventId":452,"name":"Swipe","type":"SWIPE","fromX":528,"fromY":819,"toX":528,"toY":1776,"swipeDuration":250},"intentExtras":[],"eventsToggle":[]},{"action":{"id":1114,"eventId":452,"priority":1,"name":"Change counter","type":"CHANGE_COUNTER","counterName":"Step","counterOperation":"MINUS","counterOperationValueType":"NUMBER","counterOperationValue":1},"intentExtras":[],"eventsToggle":[]}],"conditions":[{"id":1040,"eventId":452,"name":"Condition","type":"ON_TIMER_REACHED","priority":0,"timerValueMs":1000,"restartWhenReached":true}]},{"event":{"id":453,"scenarioId":60,"name":"Turn down","conditionOperator":1,"priority":-1,"type":"TRIGGER_EVENT"},"actions":[{"action":{"id":1111,"eventId":453,"priority":3,"name":"Toggle event","type":"TOGGLE_EVENT","toggleAll":false},"intentExtras":[],"eventsToggle":[{"id":208,"actionId":1111,"type":"DISABLE","toggleEventId":451},{"id":209,"actionId":1111,"type":"ENABLE","toggleEventId":452},{"id":212,"actionId":1111,"type":"DISABLE","toggleEventId":453},{"id":213,"actionId":1111,"type":"ENABLE","toggleEventId":454}]},{"action":{"id":1121,"eventId":453,"name":"Swipe","type":"SWIPE","fromX":914,"fromY":1718,"toX":204,"toY":1713,"swipeDuration":250},"intentExtras":[],"eventsToggle":[]},{"action":{"id":1122,"eventId":453,"priority":2,"name":"Swipe","type":"SWIPE","fromX":914,"fromY":1718,"toX":189,"toY":1720,"swipeDuration":250},"intentExtras":[],"eventsToggle":[]},{"action":{"id":1123,"eventId":453,"priority":1,"name":"Wait","type":"PAUSE","pauseDuration":250},"intentExtras":[],"eventsToggle":[]}],"conditions":[{"id":1047,"eventId":453,"name":"Condition","type":"ON_COUNTER_REACHED","priority":0,"counterName":"Step","counterComparisonOperation":"EQUALS","counterOperationValueType":"NUMBER","counterValue":35}]},{"event":{"id":454,"scenarioId":60,"name":"Turn up","conditionOperator":1,"priority":-1,"enabledOnStart":false,"type":"TRIGGER_EVENT"},"actions":[{"action":{"id":1112,"eventId":454,"priority":3,"name":"Toggle event","type":"TOGGLE_EVENT","toggleAll":false},"intentExtras":[],"eventsToggle":[{"id":210,"actionId":1112,"type":"ENABLE","toggleEventId":451},{"id":211,"actionId":1112,"type":"DISABLE","toggleEventId":452},{"id":214,"actionId":1112,"type":"DISABLE","toggleEventId":454},{"id":215,"actionId":1112,"type":"ENABLE","toggleEventId":453}]},{"action":{"id":1118,"eventId":454,"name":"Swipe","type":"SWIPE","fromX":849,"fromY":1770,"toX":186,"toY":1772,"swipeDuration":250},"intentExtras":[],"eventsToggle":[]},{"action":{"id":1119,"eventId":454,"priority":2,"name":"Swipe","type":"SWIPE","fromX":849,"fromY":1770,"toX":186,"toY":1772,"swipeDuration":250},"intentExtras":[],"eventsToggle":[]},{"action":{"id":1124,"eventId":454,"priority":1,"name":"Wait","type":"PAUSE","pauseDuration":250},"intentExtras":[],"eventsToggle":[]}],"conditions":[{"id":1048,"eventId":454,"name":"Condition","type":"ON_COUNTER_REACHED","priority":0,"counterName":"Step","counterComparisonOperation":"EQUALS","counterOperationValueType":"NUMBER","counterValue":0}]}]}}