{"version":18,"screenWidth":1080,"screenHeight":2340,"scenario":{"scenario":{"id":66,"name":"Palmon Survival - Heat","detectionQuality":1732},"events":[{"event":{"id":496,"scenarioId":66,"name":"Camp","conditionOperator":2,"priority":2,"enabledOnStart":false,"type":"IMAGE_EVENT","keepDetecting":false},"actions":[{"action":{"id":1243,"eventId":496,"name":"Click","type":"CLICK","clickPositionType":"ON_DETECTED_CONDITION","pressDuration":70,"clickOffsetX":76,"clickOffsetY":-74},"intentExtras":[],"eventsToggle":[]},{"action":{"id":1258,"eventId":496,"priority":1,"name":"Toggle event","type":"TOGGLE_EVENT","toggleAll":false},"intentExtras":[],"eventsToggle":[{"id":245,"actionId":1258,"type":"DISABLE","toggleEventId":496}]}],"conditions":[{"id":1128,"eventId":496,"name":"Condition","type":"ON_IMAGE_DETECTED","priority":0,"path":"Condition_-1811018455.png","areaLeft":463,"areaTop":1463,"areaRight":542,"areaBottom":1508,"threshold":20,"detectionType":3,"shouldBeDetected":true,"detectionAreaLeft":263,"detectionAreaTop":1213,"detectionAreaRight":845,"detectionAreaBottom":1570},{"id":1129,"eventId":496,"name":"Condition","type":"ON_IMAGE_DETECTED","priority":1,"path":"Condition_-1671833920.png","areaLeft":413,"areaTop":1587,"areaRight":492,"areaBottom":1626,"threshold":20,"detectionType":1,"shouldBeDetected":true},{"id":1144,"eventId":496,"name":"Condition","type":"ON_IMAGE_DETECTED","priority":2,"path":"Condition_-1164629583.png","areaLeft":504,"areaTop":1335,"areaRight":590,"areaBottom":1383,"threshold":20,"detectionType":2,"shouldBeDetected":true,"detectionAreaLeft":504,"detectionAreaTop":1335,"detectionAreaRight":590,"detectionAreaBottom":1383}]},{"event":{"id":497,"scenarioId":66,"name":"Flame","conditionOperator":1,"priority":0,"type":"IMAGE_EVENT","keepDetecting":false},"actions":[{"action":{"id":1236,"eventId":497,"name":"Click","type":"CLICK","clickPositionType":"ON_DETECTED_CONDITION","clickOnConditionId":1125,"pressDuration":70},"intentExtras":[],"eventsToggle":[]},{"action":{"id":1239,"eventId":497,"priority":1,"name":"Wait","type":"PAUSE","pauseDuration":50},"intentExtras":[],"eventsToggle":[]}],"conditions":[{"id":1125,"eventId":497,"name":"Condition","type":"ON_IMAGE_DETECTED","priority":0,"path":"Condition_640107962.png","areaLeft":334,"areaTop":1385,"areaRight":474,"areaBottom":1510,"threshold":20,"detectionType":2,"shouldBeDetected":true}]},{"event":{"id":498,"scenarioId":66,"name":"Confirm","conditionOperator":1,"priority":1,"type":"IMAGE_EVENT","keepDetecting":false},"actions":[{"action":{"id":1237,"eventId":498,"name":"Click","type":"CLICK","clickPositionType":"ON_DETECTED_CONDITION","clickOnConditionId":1126,"pressDuration":70},"intentExtras":[],"eventsToggle":[]},{"action":{"id":1240,"eventId":498,"priority":2,"name":"Wait","type":"PAUSE","pauseDuration":500},"intentExtras":[],"eventsToggle":[]},{"action":{"id":1259,"eventId":498,"priority":1,"name":"Toggle event","type":"TOGGLE_EVENT","toggleAll":false},"intentExtras":[],"eventsToggle":[{"id":246,"actionId":1259,"type":"ENABLE","toggleEventId":496}]},{"action":{"id":1260,"eventId":498,"priority":3,"name":"Click","type":"CLICK","clickPositionType":"ON_DETECTED_CONDITION","clickOnConditionId":1126,"pressDuration":70,"clickOffsetX":-249,"clickOffsetY":-216},"intentExtras":[],"eventsToggle":[]},{"action":{"id":1261,"eventId":498,"priority":4,"name":"Wait","type":"PAUSE","pauseDuration":500},"intentExtras":[],"eventsToggle":[]}],"conditions":[{"id":1126,"eventId":498,"name":"Condition","type":"ON_IMAGE_DETECTED","priority":0,"path":"Condition_-288569696.png","areaLeft":591,"areaTop":1462,"areaRight":952,"areaBottom":1664,"threshold":20,"detectionType":2,"shouldBeDetected":true}]}]}}