{"version":18,"screenWidth":1080,"screenHeight":2340,"scenario":{"scenario":{"id":42,"name":"Palmon Survival - Autojoin hunt","detectionQuality":1141},"events":[{"event":{"id":285,"scenarioId":42,"name":"Add to rally old","conditionOperator":1,"priority":11,"enabledOnStart":false,"type":"IMAGE_EVENT","keepDetecting":false},"actions":[{"action":{"id":726,"eventId":285,"name":"Click","type":"CLICK","clickPositionType":"ON_DETECTED_CONDITION","clickOnConditionId":739,"pressDuration":70},"intentExtras":[],"eventsToggle":[]},{"action":{"id":727,"eventId":285,"priority":1,"name":"Wait","type":"PAUSE","pauseDuration":500},"intentExtras":[],"eventsToggle":[]}],"conditions":[{"id":739,"eventId":285,"name":"Condition","type":"ON_IMAGE_DETECTED","priority":0,"path":"Condition_-1343300845.png","areaLeft":456,"areaTop":453,"areaRight":643,"areaBottom":615,"threshold":15,"detectionType":3,"shouldBeDetected":true,"detectionAreaLeft":224,"detectionAreaTop":404,"detectionAreaRight":1070,"detectionAreaBottom":2085}]},{"event":{"id":286,"scenarioId":42,"name":"Join rally","conditionOperator":1,"priority":8,"type":"IMAGE_EVENT","keepDetecting":false},"actions":[{"action":{"id":728,"eventId":286,"name":"Click","type":"CLICK","clickPositionType":"ON_DETECTED_CONDITION","clickOnConditionId":740,"pressDuration":70},"intentExtras":[],"eventsToggle":[]},{"action":{"id":729,"eventId":286,"priority":1,"name":"Wait","type":"PAUSE","pauseDuration":1000},"intentExtras":[],"eventsToggle":[]}],"conditions":[{"id":740,"eventId":286,"name":"Condition","type":"ON_IMAGE_DETECTED","priority":0,"path":"Condition_-958182895.png","areaLeft":387,"areaTop":1820,"areaRight":712,"areaBottom":1896,"threshold":20,"detectionType":1,"shouldBeDetected":true},{"id":1140,"eventId":286,"name":"Condition","type":"ON_IMAGE_DETECTED","priority":1,"path":"Condition_853994603.png","areaLeft":74,"areaTop":952,"areaRight":1017,"areaBottom":1642,"threshold":20,"detectionType":1,"shouldBeDetected":false}]},{"event":{"id":287,"scenarioId":42,"name":"Close team assign","conditionOperator":1,"priority":10,"type":"IMAGE_EVENT","keepDetecting":false},"actions":[{"action":{"id":730,"eventId":287,"name":"Click","type":"CLICK","clickPositionType":"USER_SELECTED","x":315,"y":1922,"pressDuration":70},"intentExtras":[],"eventsToggle":[]},{"action":{"id":731,"eventId":287,"priority":1,"name":"Wait","type":"PAUSE","pauseDuration":500},"intentExtras":[],"eventsToggle":[]}],"conditions":[{"id":741,"eventId":287,"name":"Condition","type":"ON_IMAGE_DETECTED","priority":0,"path":"Condition_1293267553.png","areaLeft":944,"areaTop":2213,"areaRight":1042,"areaBottom":2307,"threshold":20,"detectionType":1,"shouldBeDetected":true}]},{"event":{"id":330,"scenarioId":42,"name":"Add to rally 4","conditionOperator":2,"priority":4,"type":"IMAGE_EVENT","keepDetecting":false},"actions":[{"action":{"id":840,"eventId":330,"priority":1,"name":"Wait","type":"PAUSE","pauseDuration":500},"intentExtras":[],"eventsToggle":[]},{"action":{"id":841,"eventId":330,"name":"Click","type":"CLICK","clickPositionType":"ON_DETECTED_CONDITION","pressDuration":70},"intentExtras":[],"eventsToggle":[]}],"conditions":[{"id":841,"eventId":330,"name":"Condition","type":"ON_IMAGE_DETECTED","priority":0,"path":"Condition_-1320288201.png","areaLeft":641,"areaTop":965,"areaRight":840,"areaBottom":1053,"threshold":10,"detectionType":3,"shouldBeDetected":true,"detectionAreaLeft":220,"detectionAreaTop":1744,"detectionAreaRight":1052,"detectionAreaBottom":2189},{"id":1075,"eventId":330,"name":"Condition","type":"ON_IMAGE_DETECTED","priority":1,"path":"Condition_-518342859.png","areaLeft":55,"areaTop":1773,"areaRight":268,"areaBottom":1954,"threshold":20,"detectionType":3,"shouldBeDetected":true,"detectionAreaLeft":9,"detectionAreaTop":1742,"detectionAreaRight":348,"detectionAreaBottom":2095}]},{"event":{"id":399,"scenarioId":42,"name":"Help","conditionOperator":1,"priority":9,"type":"IMAGE_EVENT","keepDetecting":false},"actions":[{"action":{"id":1001,"eventId":399,"name":"Click","type":"CLICK","clickPositionType":"ON_DETECTED_CONDITION","clickOnConditionId":934,"pressDuration":70},"intentExtras":[],"eventsToggle":[]},{"action":{"id":1002,"eventId":399,"priority":1,"name":"Wait","type":"PAUSE","pauseDuration":1000},"intentExtras":[],"eventsToggle":[]}],"conditions":[{"id":934,"eventId":399,"name":"Condition","type":"ON_IMAGE_DETECTED","priority":0,"path":"Condition_-1243042654.png","areaLeft":788,"areaTop":1723,"areaRight":902,"areaBottom":1801,"threshold":20,"detectionType":1,"shouldBeDetected":true}]},{"event":{"id":427,"scenarioId":42,"name":"Join rally when squad available","conditionOperator":1,"priority":0,"type":"IMAGE_EVENT","keepDetecting":false},"actions":[{"action":{"id":1064,"eventId":427,"name":"Click","type":"CLICK","clickPositionType":"USER_SELECTED","x":1000,"y":1429,"pressDuration":70},"intentExtras":[],"eventsToggle":[]},{"action":{"id":1065,"eventId":427,"priority":1,"name":"Wait","type":"PAUSE","pauseDuration":500},"intentExtras":[],"eventsToggle":[]}],"conditions":[{"id":1006,"eventId":427,"name":"Condition","type":"ON_IMAGE_DETECTED","priority":0,"path":"Condition_-258063209.png","areaLeft":51,"areaTop":565,"areaRight":107,"areaBottom":609,"threshold":20,"detectionType":1,"shouldBeDetected":true},{"id":1052,"eventId":427,"name":"Condition","type":"ON_IMAGE_DETECTED","priority":1,"path":"Condition_1304337155.png","areaLeft":304,"areaTop":572,"areaRight":337,"areaBottom":604,"threshold":10,"detectionType":1,"shouldBeDetected":false}]},{"event":{"id":468,"scenarioId":42,"name":"Add to rally 1","conditionOperator":1,"priority":1,"type":"IMAGE_EVENT","keepDetecting":false},"actions":[{"action":{"id":1170,"eventId":468,"name":"Click","type":"CLICK","clickPositionType":"ON_DETECTED_CONDITION","clickOnConditionId":1076,"pressDuration":70},"intentExtras":[],"eventsToggle":[]},{"action":{"id":1171,"eventId":468,"priority":1,"name":"Wait","type":"PAUSE","pauseDuration":500},"intentExtras":[],"eventsToggle":[]}],"conditions":[{"id":1076,"eventId":468,"name":"Condition","type":"ON_IMAGE_DETECTED","priority":0,"path":"Condition_-1320288201.png","areaLeft":641,"areaTop":965,"areaRight":840,"areaBottom":1053,"threshold":10,"detectionType":3,"shouldBeDetected":true,"detectionAreaLeft":202,"detectionAreaTop":334,"detectionAreaRight":1035,"detectionAreaBottom":716},{"id":1077,"eventId":468,"name":"Condition","type":"ON_IMAGE_DETECTED","priority":1,"path":"Condition_-518342859.png","areaLeft":55,"areaTop":1773,"areaRight":268,"areaBottom":1954,"threshold":20,"detectionType":3,"shouldBeDetected":true,"detectionAreaLeft":6,"detectionAreaTop":150,"detectionAreaRight":346,"detectionAreaBottom":504}]},{"event":{"id":469,"scenarioId":42,"name":"Add to rally 2","conditionOperator":1,"priority":2,"type":"IMAGE_EVENT","keepDetecting":false},"actions":[{"action":{"id":1172,"eventId":469,"name":"Click","type":"CLICK","clickPositionType":"ON_DETECTED_CONDITION","clickOnConditionId":1078,"pressDuration":70},"intentExtras":[],"eventsToggle":[]},{"action":{"id":1173,"eventId":469,"priority":1,"name":"Wait","type":"PAUSE","pauseDuration":500},"intentExtras":[],"eventsToggle":[]}],"conditions":[{"id":1078,"eventId":469,"name":"Condition","type":"ON_IMAGE_DETECTED","priority":0,"path":"Condition_-1320288201.png","areaLeft":641,"areaTop":965,"areaRight":840,"areaBottom":1053,"threshold":10,"detectionType":3,"shouldBeDetected":true,"detectionAreaLeft":193,"detectionAreaTop":882,"detectionAreaRight":1027,"detectionAreaBottom":1265},{"id":1079,"eventId":469,"name":"Condition","type":"ON_IMAGE_DETECTED","priority":1,"path":"Condition_-518342859.png","areaLeft":55,"areaTop":1773,"areaRight":268,"areaBottom":1954,"threshold":20,"detectionType":3,"shouldBeDetected":true,"detectionAreaLeft":6,"detectionAreaTop":660,"detectionAreaRight":347,"detectionAreaBottom":1015}]},{"event":{"id":470,"scenarioId":42,"name":"Add to rally 3","conditionOperator":1,"priority":3,"type":"IMAGE_EVENT","keepDetecting":false},"actions":[{"action":{"id":1174,"eventId":470,"name":"Click","type":"CLICK","clickPositionType":"ON_DETECTED_CONDITION","clickOnConditionId":1080,"pressDuration":70},"intentExtras":[],"eventsToggle":[]},{"action":{"id":1175,"eventId":470,"priority":1,"name":"Wait","type":"PAUSE","pauseDuration":500},"intentExtras":[],"eventsToggle":[]}],"conditions":[{"id":1080,"eventId":470,"name":"Condition","type":"ON_IMAGE_DETECTED","priority":0,"path":"Condition_-1320288201.png","areaLeft":641,"areaTop":965,"areaRight":840,"areaBottom":1053,"threshold":10,"detectionType":3,"shouldBeDetected":true,"detectionAreaLeft":221,"detectionAreaTop":1398,"detectionAreaRight":1056,"detectionAreaBottom":1782},{"id":1081,"eventId":470,"name":"Condition","type":"ON_IMAGE_DETECTED","priority":1,"path":"Condition_-518342859.png","areaLeft":55,"areaTop":1773,"areaRight":268,"areaBottom":1954,"threshold":20,"detectionType":3,"shouldBeDetected":true,"detectionAreaLeft":18,"detectionAreaTop":1182,"detectionAreaRight":360,"detectionAreaBottom":1538}]},{"event":{"id":503,"scenarioId":42,"name":"Cancel long march","conditionOperator":1,"priority":5,"type":"IMAGE_EVENT","keepDetecting":false},"actions":[{"action":{"id":1248,"eventId":503,"name":"Click","type":"CLICK","clickPositionType":"ON_DETECTED_CONDITION","clickOnConditionId":1138,"pressDuration":70,"clickOffsetX":-214,"clickOffsetY":238},"intentExtras":[],"eventsToggle":[]},{"action":{"id":1249,"eventId":503,"priority":1,"name":"Wait","type":"PAUSE","pauseDuration":200},"intentExtras":[],"eventsToggle":[]}],"conditions":[{"id":1138,"eventId":503,"name":"Condition","type":"ON_IMAGE_DETECTED","priority":0,"path":"Condition_853994603.png","areaLeft":74,"areaTop":952,"areaRight":1017,"areaBottom":1642,"threshold":20,"detectionType":1,"shouldBeDetected":true}]},{"event":{"id":504,"scenarioId":42,"name":"Rally is full","conditionOperator":1,"priority":7,"type":"IMAGE_EVENT","keepDetecting":false},"actions":[{"action":{"id":1251,"eventId":504,"priority":1,"name":"Wait","type":"PAUSE","pauseDuration":200},"intentExtras":[],"eventsToggle":[]},{"action":{"id":1252,"eventId":504,"name":"System action","type":"SYSTEM","systemActionType":"BACK"},"intentExtras":[],"eventsToggle":[]}],"conditions":[{"id":1141,"eventId":504,"name":"Condition","type":"ON_IMAGE_DETECTED","priority":0,"path":"Condition_1797894902.png","areaLeft":458,"areaTop":1202,"areaRight":699,"areaBottom":1232,"threshold":20,"detectionType":1,"shouldBeDetected":true}]},{"event":{"id":506,"scenarioId":42,"name":"Rally full","conditionOperator":1,"priority":6,"type":"IMAGE_EVENT","keepDetecting":false},"actions":[{"action":{"id":1256,"eventId":506,"name":"System action","type":"SYSTEM","systemActionType":"BACK"},"intentExtras":[],"eventsToggle":[]},{"action":{"id":1257,"eventId":506,"priority":1,"name":"Wait","type":"PAUSE","pauseDuration":200},"intentExtras":[],"eventsToggle":[]}],"conditions":[{"id":1143,"eventId":506,"name":"Condition","type":"ON_IMAGE_DETECTED","priority":0,"path":"Condition_566795430.png","areaLeft":523,"areaTop":1203,"areaRight":688,"areaBottom":1229,"threshold":20,"detectionType":1,"shouldBeDetected":true}]},{"event":{"id":507,"scenarioId":42,"name":"Initial start","conditionOperator":1,"priority":12,"type":"IMAGE_EVENT","keepDetecting":false},"actions":[{"action":{"id":1262,"eventId":507,"priority":1,"name":"Wait","type":"PAUSE","pauseDuration":200},"intentExtras":[],"eventsToggle":[]},{"action":{"id":1263,"eventId":507,"name":"Click","type":"CLICK","clickPositionType":"USER_SELECTED","x":1004,"y":1418,"pressDuration":70},"intentExtras":[],"eventsToggle":[]}],"conditions":[{"id":1147,"eventId":507,"name":"Condition","type":"ON_IMAGE_DETECTED","priority":0,"path":"Condition_1876640609.png","areaLeft":47,"areaTop":564,"areaRight":262,"areaBottom":611,"threshold":20,"detectionType":1,"shouldBeDetected":false},{"id":1148,"eventId":507,"name":"Condition","type":"ON_IMAGE_DETECTED","priority":1,"path":"Condition_-632262185.png","areaLeft":840,"areaTop":2054,"areaRight":898,"areaBottom":2100,"threshold":20,"detectionType":1,"shouldBeDetected":true}]}]}}