{"version":18,"screenWidth":1080,"screenHeight":2340,"scenario":{"scenario":{"id":55,"name":"Palmon Survival - Assist","detectionQuality":1447},"events":[{"event":{"id":386,"scenarioId":55,"name":"Assist","conditionOperator":1,"priority":0,"type":"IMAGE_EVENT","keepDetecting":false},"actions":[{"action":{"id":968,"eventId":386,"priority":1,"name":"Wait","type":"PAUSE","pauseDuration":1000},"intentExtras":[],"eventsToggle":[]},{"action":{"id":969,"eventId":386,"name":"Click","type":"CLICK","clickPositionType":"ON_DETECTED_CONDITION","clickOnConditionId":905,"pressDuration":70,"clickOffsetX":0,"clickOffsetY":0},"intentExtras":[],"eventsToggle":[]}],"conditions":[{"id":905,"eventId":386,"name":"Condition","type":"ON_IMAGE_DETECTED","priority":0,"path":"Condition_-1155434072.png","areaLeft":469,"areaTop":876,"areaRight":677,"areaBottom":945,"threshold":7,"detectionType":3,"shouldBeDetected":true,"detectionAreaLeft":201,"detectionAreaTop":559,"detectionAreaRight":891,"detectionAreaBottom":1726}]},{"event":{"id":455,"scenarioId":55,"name":"Open Dialog","conditionOperator":1,"priority":1,"type":"IMAGE_EVENT","keepDetecting":false},"actions":[{"action":{"id":1116,"eventId":455,"priority":1,"name":"Wait","type":"PAUSE","pauseDuration":500},"intentExtras":[],"eventsToggle":[]},{"action":{"id":1117,"eventId":455,"name":"Click","type":"CLICK","clickPositionType":"ON_DETECTED_CONDITION","clickOnConditionId":1051,"pressDuration":70},"intentExtras":[],"eventsToggle":[]}],"conditions":[{"id":1049,"eventId":455,"name":"Condition","type":"ON_IMAGE_DETECTED","priority":0,"path":"Condition_-1278982963.png","areaLeft":506,"areaTop":904,"areaRight":827,"areaBottom":1068,"threshold":20,"detectionType":3,"shouldBeDetected":false,"detectionAreaLeft":110,"detectionAreaTop":319,"detectionAreaRight":1004,"detectionAreaBottom":1256},{"id":1051,"eventId":455,"name":"Condition","type":"ON_IMAGE_DETECTED","priority":1,"path":"Condition_-158263555.png","areaLeft":521,"areaTop":1558,"areaRight":568,"areaBottom":1603,"threshold":20,"detectionType":3,"shouldBeDetected":true,"detectionAreaLeft":125,"detectionAreaTop":571,"detectionAreaRight":948,"detectionAreaBottom":1933}]},{"event":{"id":478,"scenarioId":55,"name":"Alarm set","conditionOperator":1,"priority":2,"enabledOnStart":false,"type":"IMAGE_EVENT","keepDetecting":false},"actions":[{"action":{"id":1191,"eventId":478,"name":"Click","type":"CLICK","clickPositionType":"ON_DETECTED_CONDITION","clickOnConditionId":1097,"pressDuration":70},"intentExtras":[],"eventsToggle":[]},{"action":{"id":1192,"eventId":478,"priority":1,"name":"Wait","type":"PAUSE","pauseDuration":300},"intentExtras":[],"eventsToggle":[]},{"action":{"id":1193,"eventId":478,"priority":2,"name":"Toggle event","type":"TOGGLE_EVENT","toggleAll":false},"intentExtras":[],"eventsToggle":[{"id":225,"actionId":1193,"type":"DISABLE","toggleEventId":478},{"id":226,"actionId":1193,"type":"ENABLE","toggleEventId":479}]}],"conditions":[{"id":1097,"eventId":478,"name":"Condition","type":"ON_IMAGE_DETECTED","priority":0,"path":"Condition_1065094194.png","areaLeft":33,"areaTop":1627,"areaRight":132,"areaBottom":1719,"threshold":20,"detectionType":1,"shouldBeDetected":true}]},{"event":{"id":479,"scenarioId":55,"name":"Guildmatess tab","conditionOperator":1,"priority":3,"type":"IMAGE_EVENT","keepDetecting":false},"actions":[{"action":{"id":1194,"eventId":479,"name":"Click","type":"CLICK","clickPositionType":"ON_DETECTED_CONDITION","clickOnConditionId":1098,"pressDuration":70,"clickOffsetX":190,"clickOffsetY":-1},"intentExtras":[],"eventsToggle":[]},{"action":{"id":1195,"eventId":479,"priority":1,"name":"Wait","type":"PAUSE","pauseDuration":300},"intentExtras":[],"eventsToggle":[]},{"action":{"id":1196,"eventId":479,"priority":2,"name":"Toggle event","type":"TOGGLE_EVENT","toggleAll":false},"intentExtras":[],"eventsToggle":[{"id":227,"actionId":1196,"type":"DISABLE","toggleEventId":479},{"id":228,"actionId":1196,"type":"ENABLE","toggleEventId":481},{"id":229,"actionId":1196,"type":"ENABLE","toggleEventId":482}]}],"conditions":[{"id":1098,"eventId":479,"name":"Condition","type":"ON_IMAGE_DETECTED","priority":0,"path":"Condition_2096676690.png","areaLeft":19,"areaTop":759,"areaRight":800,"areaBottom":879,"threshold":10,"detectionType":1,"shouldBeDetected":true}]},{"event":{"id":481,"scenarioId":55,"name":"Line contains good treasure","conditionOperator":2,"priority":4,"type":"IMAGE_EVENT","keepDetecting":false},"actions":[{"action":{"id":1201,"eventId":481,"name":"Toggle event","type":"TOGGLE_EVENT","toggleAll":false},"intentExtras":[],"eventsToggle":[{"id":230,"actionId":1201,"type":"DISABLE","toggleEventId":481},{"id":231,"actionId":1201,"type":"DISABLE","toggleEventId":482}]}],"conditions":[{"id":1100,"eventId":481,"name":"Condition","type":"ON_IMAGE_DETECTED","priority":0,"path":"Condition_-2030110923.png","areaLeft":420,"areaTop":1021,"areaRight":490,"areaBottom":1065,"threshold":10,"detectionType":3,"shouldBeDetected":true,"detectionAreaLeft":371,"detectionAreaTop":1002,"detectionAreaRight":532,"detectionAreaBottom":1131},{"id":1101,"eventId":481,"name":"Condition","type":"ON_IMAGE_DETECTED","priority":1,"path":"Condition_-1014071180.png","areaLeft":432,"areaTop":1248,"areaRight":494,"areaBottom":1283,"threshold":10,"detectionType":3,"shouldBeDetected":true,"detectionAreaLeft":400,"detectionAreaTop":1004,"detectionAreaRight":507,"detectionAreaBottom":1116},{"id":1102,"eventId":481,"name":"Condition","type":"ON_IMAGE_DETECTED","priority":2,"path":"Condition_1598302497.png","areaLeft":427,"areaTop":1742,"areaRight":489,"areaBottom":1777,"threshold":10,"detectionType":3,"shouldBeDetected":true,"detectionAreaLeft":380,"detectionAreaTop":1016,"detectionAreaRight":511,"detectionAreaBottom":1122}]},{"event":{"id":482,"scenarioId":55,"name":"Scroll","conditionOperator":1,"priority":-1,"enabledOnStart":false,"type":"TRIGGER_EVENT"},"actions":[{"action":{"id":1199,"eventId":482,"name":"Swipe","type":"SWIPE","fromX":130,"fromY":1225,"toX":131,"toY":1019,"swipeDuration":100},"intentExtras":[],"eventsToggle":[]}],"conditions":[{"id":1103,"eventId":482,"name":"Condition","type":"ON_TIMER_REACHED","priority":0,"timerValueMs":400,"restartWhenReached":true}]}]}}